Brands,,,,,,
#6,,,,,,
100 Cent,,,,,,
14 Days,,,,,,
18K Paris Gold,,,,,,
1St Health,,,,,,
2 Sure,,,,,,
21 Days,,,,,,
212 Aqua Men,,,,,,
212 Vip Men,,,,,,
24 Heures,,,,,,
24K,,,,,,
2Black,,,,,,
2in1 Bold,,,,,,
2Sure,,,,,,
3 Beta,,,,,,
3 Days Hip Hup,,,,,,
36 Heaures Propre,,,,,,
3Q Beauty,,,,,,
42 Heures,,,,,,
500% Skin Freedom,,,,,,
55H+,,,,,,
7 Star,,,,,,
7 Sur 7,,,,,,
72 Heures,,,,,,
77 Days,,,,,,
77 Rapid,,,,,,
7Th Heaven,,,,,,
9Th Element,,,,,,
A Bonne,,,,,,
A09,,,,,,
A3,,,,,,
A3 Lemon,,,,,,
Ab Super Kojic,,,,,,
Abana,,,,,,
Abbott,,,,,,
Abebi White,,,,,,
Abeer Elward,,,,,,
Abf,,,,,,
Aboniki,,,,,,
Abonne,,,,,,
Above,,,,,,
Above Spiritz,,,,,,
Abraaj,,,,,,
Abro,,,,,,
Abs,,,,,,
Absolute,,,,,,
Absolute New York,,,,,,
Absolute Oud,,,,,,
Absolute White,,,,,,
Ac fighting,,,,,,
Acm,,,,,,
Acne Free,,,,,,
Acnevit,,,,,,
Acorbic,,,,,,
Acqua Di Gio,,,,,,
Acqua Di Parma,,,,,,
Acretin,,,,,,
Actikid,,,,,,
Action Chrono 72,,,,,,
Action Jolie,,,,,,
Active Caviar,,,,,,
Active Lumog,,,,,,
Active Plus,,,,,,
Active White,,,,,,
Activelle,,,,,,
Acure,,,,,,
Acwell,,,,,,
Ada Love,,,,,,
Adapalene Gel,,,,,,
Addiction Gold,,,,,,
Adea,,,,,,
Adicto,,,,,,
Adidas,,,,,,
Adore,,,,,,
Adult Acnomel,,,,,,
Adure,,,,,,
Advanced Clinicals,,,,,,
Adventure,,,,,,
Afac,,,,,,
Afnan,,,,,,
Afnan Gold Limited,,,,,,
Afnan Modest,,,,,,
Afre,,,,,,
Africa’s Best,,,,,,
African Essence,,,,,,
African Gold,,,,,,
African Nature,,,,,,
African Pearl,,,,,,
African Pride,,,,,,
Africhase,,,,,,
AfriMask,,,,,,
Afro American,,,,,,
Afro Brazilian,,,,,,
Afrodite,,,,,,
Age Balance,,,,,,
Age Defiance,,,,,,
Ageless,,,,,,
Agnesia,,,,,,
Aha,,,,,,
Ahava,,,,,,
Aichun Beauty,,,,,,
Aifieya,,,,,,
Aiken,,,,,,
Ailin,,,,,,
Ailke,,,,,,
Aim,,,,,,
Aimeis,,,,,,
Air Classic,,,,,,
Air Pure,,,,,,
Air Spun,,,,,,
Air Wick,,,,,,
Aisha,,,,,,
Ajmal,,,,,,
Ajmal Hubb,,,,,,
Al Amakin,,,,,,
Al Bakhour,,,,,,
Al Fares,,,,,,
Al Hambra,,,,,,
Al Kassal,,,,,,
Al Nuaim,,,,,,
Al Rehab Shadah,,,,,,
Al Tag,,,,,,
Al Wataniah,,,,,,
Al Zaafaran,,,,,,
Alaia,,,,,,
Alart,,,,,,
Alata Garden,,,,,,
Alba Botanica,,,,,,
Alberto Balsam,,,,,,
Alhambra,,,,,,
Alikays Naturals,,,,,,
Aliya Paris,,,,,,
All Clear,,,,,,
All in 1 Bold,,,,,,
All In One,,,,,,
All Round,,,,,,
All White,,,,,,
Almond Herbal,,,,,,
Aloe Ever-Shield,,,,,,
Aloe Vera,,,,,,
Alpen,,,,,,
Alpha,,,,,,
Alpha Arbutin,,,,,,
Alrehab,,,,,,
Altruist,,,,,,
Always,,,,,,
Am Glow,,,,,,
Am/Pm,,,,,,
Amai Si,,,,,,
Amaxacetor,,,,,,
Ambi,,,,,,
Ambi Pur,,,,,,
Ameer Oud,,,,,,
Ami,,,,,,
Amieis,,,,,,
Amira,,,,,,
Amita,,,,,,
Amla,,,,,,
AMLactin,,,,,,
Amoj,,,,,,
Amor Imitate,,,,,,
Amoralle,,,,,,
Amoray,,,,,,
Amore Beauty,,,,,,
Amos White,,,,,,
Amosclear,,,,,,
Amouage,,,,,,
Ampro,,,,,,
Amuxi Airlin,,,,,,
Ana,,,,,,
Ana Abiyedh,,,,,,
Anan Girl,,,,,,
Anana,,,,,,
Anastasia Beverly Hills,,,,,,
Andaleeb Asdaaf,,,,,,
Andis,,,,,,
Andrea,,,,,,
Aneeza,,,,,,
Aneeza Gold,,,,,,
Anew,,,,,,
Angel,,,,,,
Angel Amethyst,,,,,,
Angels Secret,,,,,,
Angham Al Hub,,,,,,
Angry Bird,,,,,,
Animate,,,,,,
Anivat,,,,,,
Anjieer ,,,,,,
Annie,,,,,,
Anovia,,,,,,
Antonio Banderas,,,,,,
Aphogee,,,,,,
Appaco,,,,,,
Apple,,,,,,
Apple Glow,,,,,,
Applefield,,,,,,
Applevet,,,,,,
Applied Nutrition,,,,,,
Aqc,,,,,,
Aqua,,,,,,
Aqua Chill,,,,,,
Aqua Fresh,,,,,,
Aqua Oral,,,,,,
Aqua Vera,,,,,,
Aquaphor,,,,,,
Aquila,,,,,,
Arabian Magic,,,,,,
Arabian Mystery,,,,,,
Arabian Orxy,,,,,,
Arabian Oud,,,,,,
Arabian Perfume,,,,,,
Arabiyat,,,,,,
Arabiyat Shams Alkhaleej,,,,,,
Aramis,,,,,,
Arancia,,,,,,
Arbutin,,,,,,
Ard Al Zaafaran,,,,,,
Ardell,,,,,,
Arden,,,,,,
Arden Gold,,,,,,
Argan Smooth,,,,,,
Arganatural,,,,,,
Argilux,,,,,,
Argussy,,,,,,
Ariel,,,,,,
Arlis,,,,,,
Arm And Hammer,,,,,,
Armaf,,,,,,
Armaf Majan,,,,,,
Aroma,,,,,,
Aromate,,,,,,
Aromatics Elixir,,,,,,
Arrid,,,,,,
Arthro,,,,,,
As I Am,,,,,,
Asantee,,,,,,
Asavea,,,,,,
Asda,,,,,,
Asdaaf,,,,,,
Aseel,,,,,,
Asepso,,,,,,
Asepxia,,,,,,
Ashker,,,,,,
Asian Secret,,,,,,
Asmara,,,,,,
Asra Al Banat,,,,,,
Assurance,,,,,,
Assured Collection,,,,,,
Astonish,,,,,,
Astura Ishq,,,,,,
Atouchi,,,,,,
Attar Collection,,,,,,
Attends,,,,,,
Aunt Jackie,,,,,,
Aura White,,,,,,
Aussie,,,,,,
Avalon,,,,,,
Avant Garde,,,,,,
Avanti,,,,,,
Aveat,,,,,,
Aveeno,,,,,,
Avenin & Goat Milk,,,,,,
Aventos,,,,,,
Avenue Blanc,,,,,,
Avila Naturalle,,,,,,
Avintus,,,,,,
Avlon,,,,,,
Avon,,,,,,
Awwal Oud,,,,,,
Axe,,,,,,
Axis-Y,,,,,,
Ayat,,,,,,
Azelaic,,,,,,
Aziderm,,,,,,
Aztec Secret,,,,,,
Azure,,,,,,
Azzaro,,,,,,
B Fresh,,,,,,
B.B Clear,,,,,,
B.O,,,,,,
Babaria,,,,,,
Baboon for boys,,,,,,
Baby And Me,,,,,,
Baby Basnono,,,,,,
Baby Cherie,,,,,,
Baby Clear Essence,,,,,,
Baby Lindo,,,,,,
Baby Love,,,,,,
Baby Secret,,,,,,
Baby Sitter,,,,,,
Baby Soft,,,,,,
Babyganics,,,,,,
Babymed,,,,,,
Babysecret,,,,,,
Babyverse,,,,,,
Baccarat Rouge,,,,,,
Bad Lad,,,,,,
Bafama,,,,,,
Bakkaarat,,,,,,
Balance,,,,,,
Balanced Glow,,,,,,
Balay,,,,,,
Ballerina,,,,,,
Balmain,,,,,,
Barabasnono,,,,,,
Barakkat,,,,,,
Barbasol,,,,,,
Barbie,,,,,,
Barbieliss,,,,,,
Bare Minerals,,,,,,
Bari,,,,,,
Bari Cosmetics,,,,,,
Barry M,,,,,,
Baschi,,,,,,
Bastiste,,,,,,
Bath And Body Works,,,,,,
Bathery,,,,,,
Baug Sons,,,,,,
Bavaria,,,,,,
Bawadi,,,,,,
Baygon,,,,,,
Be Natural,,,,,,
Be White,,,,,,
Bea,,,,,,
Beard Oil,,,,,,
Beau Reve,,,,,,
Beautiful Skin,,,,,,
Beautiful Textures,,,,,,
Beauty 360,,,,,,
Beauty Creations,,,,,,
Beauty Fair,,,,,,
Beauty Formulas,,,,,,
Beauty Glazed,,,,,,
Beauty Land,,,,,,
Beauty Magic,,,,,,
Beauty Nature,,,,,,
Beauty Of Joseon,,,,,,
Beauty Series,,,,,,
Beauty Treats,,,,,,
Beautyland,,,,,,
Beautyline,,,,,,
Bebem,,,,,,
Becca,,,,,,
Beckon,,,,,,
Beekman,,,,,,
Bees Wax,,,,,,
Beesline,,,,,,
Behence,,,,,,
Being By Sanctuary Spa,,,,,,
Bel Eclat,,,,,,
Bel Mine,,,,,,
Bel Premium,,,,,,
Bel’ Clair,,,,,,
Bella,,,,,,
Bella Donna,,,,,,
Bellagio,,,,,,
Bellastar,,,,,,
Belle Face,,,,,,
Belle Fille,,,,,,
Belle Leclat,,,,,,
BelleStar,,,,,,
Belo Essentials,,,,,,
Ben Nye,,,,,,
Benchie,,,,,,
Bendfresh,,,,,,
Beneks,,,,,,
Benetton,,,,,,
Benetton Cold,,,,,,
Bentley,,,,,,
Benzagel,,,,,,
Bergamot,,,,,,
Berries Weekend,,,,,,
Besense,,,,,,
Bestide,,,,,,
Betasol,,,,,,
Betneval,,,,,,
Betnovate,,,,,,
Better Homes & Gardens,,,,,,
Bettina Barty,,,,,,
Beutisa,,,,,,
Beva,,,,,,
Beverly Hills Formula,,,,,,
Bevi,,,,,,
Beyonce,,,,,,
Bh Cosmetics,,,,,,
Bic,,,,,,
Bigen,,,,,,
Bimbo,,,,,,
Bio,,,,,,
Bio Balance,,,,,,
Bio Claire,,,,,,
Bio Codex,,,,,,
Bio Eclat,,,,,,
Bio Essence,,,,,,
Bio Gold,,,,,,
Bio Oil,,,,,,
Bio Plus,,,,,,
Bio San Harb,,,,,,
Bio Skin,,,,,,
Bio Swiss,,,,,,
Bio Tone,,,,,,
Biocoten,,,,,,
Bioderma,,,,,,
Biomed,,,,,,
Biopur Paris,,,,,,
Biore,,,,,,
Biore Uv,,,,,,
Bioskin,,,,,,
Biotin,,,,,,
Biotin And Collagen,,,,,,
Bird’s Nest,,,,,,
Bismid,,,,,,
Black And White,,,,,,
Black Dusk,,,,,,
Black Girl Sunscreen,,,,,,
Black Leather,,,,,,
Black Opal,,,,,,
Black Oud,,,,,,
Black Radiance,,,,,,
Black Up,,,,,,
Blakq,,,,,,
Blanchisseur,,,,,,
Blanx,,,,,,
Blemish Care,,,,,,
Blinque Eye Lashes,,,,,,
Blistex,,,,,,
Block And White,,,,,,
Bloom,,,,,,
Blossom,,,,,,
Blue Diamond,,,,,,
Blue Ice,,,,,,
Blue Magic,,,,,,
Blueque,,,,,,
Bmb,,,,,,
Bnc,,,,,,
Bo Eclat,,,,,,
Bob K,,,,,,
Bob Mackie,,,,,,
Boba White,,,,,,
Bobbi Brown,,,,,,
Body Benefits,,,,,,
Body Fantasies,,,,,,
Body Luxuries,,,,,,
Body Philosophy,,,,,,
Body Repair,,,,,,
Body Treat,,,,,,
Body White,,,,,,
Bodycology,,,,,,
Bodyform,,,,,,
Bodylab,,,,,,
Bold And Beautiful,,,,,,
Bon Bons,,,,,,
Bondi Sands,,,,,,
Bonita Beauty,,,,,,
Boots,,,,,,
Boots Botanics,,,,,,
Borren,,,,,,
Botanical Marrow,,,,,,
Botanical Spa Therapy,,,,,,
Botanicals,,,,,,
Botanics,,,,,,
Boucheron,,,,,,
Bouqet,,,,,,
Boy Smart,,,,,,
Brado Line,,,,,,
Bragg Organic,,,,,,
Brandon,,,,,,
Bravia,,,,,,
Bravo,,,,,,
Breed,,,,,,
Bright,,,,,,
Bright Up,,,,,,
Bring The Salon Home,,,,,,
Brisk,,,,,,
Britener,,,,,,
Britney Spears,,,,,,
Broadway Nails,,,,,,
Bronner Brothers,,,,,,
Bronz Tone,,,,,,
Brown Leather,,,,,,
Brown Orchid,,,,,,
Brushlab,,,,,,
Brut,,,,,,
BT,,,,,,
BT Luxury,,,,,,
Buf Puf,,,,,,
Bulldog,,,,,,
Bumebine,,,,,,
Bump Patrol,,,,,,
Bump Stopper,,,,,,
Burberry,,,,,,
Burphrise,,,,,,
Burt’s Bees,,,,,,
Bvlgari,,,,,,
By My Beard,,,,,,
By N Gold,,,,,,
By Nature,,,,,,
Bye Bye Blemish,,,,,,
Cacatin,,,,,,
Caelyn,,,,,,
Caffeine,,,,,,
Cagua,,,,,,
Caike,,,,,,
Cailyn,,,,,,
Cala,,,,,,
Caleyn,,,,,,
Cali Borne,,,,,,
California Scents,,,,,,
Calliderm,,,,,,
Calvin Klein,,,,,,
Camara,,,,,,
Cameleon,,,,,,
Camil,,,,,,
Camille Rose,,,,,,
Canesten,,,,,,
Canex,,,,,,
Cantu,,,,,,
Cara,,,,,,
Carabola,,,,,,
Carambola,,,,,,
Carbbean,,,,,,
Care Free,,,,,,
Carebeau,,,,,,
Caress,,,,,,
Caretone,,,,,,
Carex,,,,,,
Caribbean Natural,,,,,,
Caribean Natural,,,,,,
Carinoo,,,,,,
Caris,,,,,,
Carlotta Les Collection,,,,,,
Carmex,,,,,,
Caro Light,,,,,,
Caro Rapid,,,,,,
Caro White,,,,,,
Carolina Herrera,,,,,,
Carotein,,,,,,
Carotis,,,,,,
Carotone,,,,,,
Carovate,,,,,,
Carprece,,,,,,
Carrot Glow,,,,,,
Carrot Light,,,,,,
Cartier,,,,,,
Castle Bejar,,,,,,
Caviar,,,,,,
Cb Clair,,,,,,
CC Vitamin C,,,,,,
Cerave,,,,,,
Ceriotti,,,,,,
Cerruti,,,,,,
Certex,,,,,,
Cetaphil,,,,,,
Cetraben,,,,,,
Chairman,,,,,,
Chandni,,,,,,
Chanel,,,,,,
Chanlanya,,,,,,
Chap,,,,,,
Chap Lip,,,,,,
Chapice,,,,,,
Chapstick,,,,,,
Character,,,,,,
Charisma,,,,,,
Charm,,,,,,
Chase Deer,,,,,,
Chenyi,,,,,,
Cherry,,,,,,
Cherry Blossom,,,,,,
Chicco,,,,,,
Chicphia,,,,,,
Chloe,,,,,,
Chris Adam,,,,,,
Christian Dior,,,,,,
Ciao,,,,,,
Cibee,,,,,,
Cien,,,,,,
Cif,,,,,,
Cihoco,,,,,,
Cindella,,,,,,
Cingomi,,,,,,
Citro Clear,,,,,,
Citro Light,,,,,,
Civic,,,,,,
Clair Express,,,,,,
Clair Liss,,,,,,
Clairol,,,,,,
Clarifying,,,,,,
Clarins,,,,,,
Class,,,,,,
Classic,,,,,,
Classic White,,,,,,
Classy Glow,,,,,,
Clean And Clear,,,,,,
Clean Beauty,,,,,,
Clean Botanica,,,,,,
Cleanic,,,,,,
Clear Action,,,,,,
Clear And Smooth,,,,,,
Clear Dark Spot,,,,,,
Clear Difference,,,,,,
Clear Essence,,,,,,
Clear Eyes,,,,,,
Clear Nature,,,,,,
Clear Quick Paris,,,,,,
Clear Sensation,,,,,,
Clear Therapy,,,,,,
Clearasil,,,,,,
Clearex 10,,,,,,
Clin Cap,,,,,,
Clinc Clear,,,,,,
Clinical Works,,,,,,
Clinique,,,,,,
Clino Mync,,,,,,
Clipposafe,,,,,,
Clobeta Claire,,,,,,
Clobetaderm,,,,,,
Close Up,,,,,,
Clotek,,,,,,
Cloud NIne,,,,,,
Clovate,,,,,,
Club De Nuit,,,,,,
Clubman,,,,,,
Coach,,,,,,
Cocoa Glow,,,,,,
Cocoderm,,,,,,
Cocopulp,,,,,,
Colgate,,,,,,
Colisi,,,,,,
Colla,,,,,,
Colla Rich,,,,,,
Collagen,,,,,,
Collagen+,,,,,,
Collection,,,,,,
ColorMates,,,,,,
Colour Me,,,,,,
Colour Pop,,,,,,
Comb Trhu,,,,,,
Comfort,,,,,,
Conad,,,,,,
Conair,,,,,,
Concentre,,,,,,
Concentre Gluta-C,,,,,,
Concentre Gluta+++,,,,,,
Concentre Glutathione,,,,,,
Concept,,,,,,
Concord,,,,,,
Confetti,,,,,,
Constana,,,,,,
Cool & Cool,,,,,,
Cool Breeze,,,,,,
Core Clinicals,,,,,,
Corl,,,,,,
Cornells,,,,,,
Corsodyl,,,,,,
Cos De BAHA,,,,,,
Cosmic Radiance,,,,,,
Cosmo Designs,,,,,,
Cosrx,,,,,,
Cotone,,,,,,
Cotonet,,,,,,
Cotton Tree,,,,,,
Coty,,,,,,
Couture,,,,,,
Cover Girl,,,,,,
Cover Gray,,,,,,
Cream Of Nature,,,,,,
Creation Lamis,,,,,,
Creation Noir,,,,,,
Creed,,,,,,
Creightons,,,,,,
Creme Glutathione,,,,,,
Creme Of Nature,,,,,,
Crescendo,,,,,,
Crest,,,,,,
Crisp,,,,,,
Cromser,,,,,,
Cronier,,,,,,
Crusader,,,,,,
Cruset,,,,,,
Crystal White,,,,,,
Cuba,,,,,,
Curel,,,,,,
Curl Up And Dye,,,,,,
Curls And Naturals,,,,,,
Curly Chic,,,,,,
Curly Kids,,,,,,
Cussons,,,,,,
Cutex Care,,,,,,
Cvs,,,,,,
Cybele,,,,,,
Cyclax,,,,,,
D Gold,,,,,,
D-Ne Nano,,,,,,
D.47,,,,,,
D.E.S,,,,,,
D.x,,,,,,
Dabur Herbal,,,,,,
Dabur Medicated,,,,,,
Daggett And Ramsdell,,,,,,
Daily Concepts,,,,,,
Daiou,,,,,,
Dallas,,,,,,
Dalton House,,,,,,
Damatol,,,,,,
Dammel,,,,,,
Dancer,,,,,,
Dandruff Eeze,,,,,,
Danielle Creations,,,,,,
Darling,,,,,,
Darmagrow,,,,,,
David Beckham,,,,,,
David Off,,,,,,
Dawmy,,,,,,
Dax,,,,,,
Dcd,,,,,,
De Bebe,,,,,,
Dead Sea Minerals,,,,,,
Dead Sea Permier,,,,,,
Dear Baby,,,,,,
Dear Body,,,,,,
Debbitone,,,,,,
Degree,,,,,,
Dele,,,,,,
Delfanti Milano,,,,,,
Delon,,,,,,
Delon+,,,,,,
Delta,,,,,,
Deluxe,,,,,,
Denim,,,,,,
Denivit,,,,,,
Dentaweiss,,,,,,
Deo King,,,,,,
Depend,,,,,,
Derma,,,,,,
Derma Plus,,,,,,
Derma V10,,,,,,
Dermablend,,,,,,
Dermaclair,,,,,,
Dermacol,,,,,,
Dermactin,,,,,,
Dermaliss,,,,,,
Dermatouch,,,,,,
Dermo White Paris,,,,,,
Dermovate,,,,,,
Dermv10,,,,,,
Designer Imporsters,,,,,,
Desigual,,,,,,
Dettol,,,,,,
Deux Cent,,,,,,
DevaCurl,,,,,,
Dew,,,,,,
Dexe,,,,,,
Deya,,,,,,
Dh7,,,,,,
Dial,,,,,,
Diamond Glow,,,,,,
Diamond White,,,,,,
Dicksons,,,,,,
Diet Aesthetic,,,,,,
Dieter Tea,,,,,,
Differin,,,,,,
Dior,,,,,,
Diplomat,,,,,,
Diproson,,,,,,
Dirty English,,,,,,
Disaar,,,,,,
Disney,,,,,,
Disney Princess,,,,,,
Diva,,,,,,
Diva White,,,,,,
Diwei,,,,,,
Diy,,,,,,
Dkny,,,,,,
Dna,,,,,,
Doctor Clear,,,,,,
Doctor Special,,,,,,
Doctor Wei,,,,,,
Dodo,,,,,,
Dolce And Gabanna,,,,,,
Domestos,,,,,,
Dominion,,,,,,
Doo Bai,,,,,,
Doo Gro,,,,,,
Dop,,,,,,
Dorall,,,,,,
Dorco,,,,,,
Dorlene,,,,,,
Dos Grille,,,,,,
Dose Of Colors,,,,,,
Double Magic,,,,,,
Double Sheen,,,,,,
Dove,,,,,,
Dp.Led,,,,,,
Dr Browns,,,,,,
Dr Davey,,,,,,
Dr Hakem,,,,,,
Dr James,,,,,,
Dr Jones,,,,,,
Dr Kaufmann,,,,,,
Dr Kct,,,,,,
Dr Klear,,,,,,
Dr Lift,,,,,,
Dr Luminous,,,,,,
Dr Marvey,,,,,,
Dr Meinaier,,,,,,
Dr Miracle’s,,,,,,
Dr Moisturizing,,,,,,
Dr Rashel,,,,,,
Dr S Wong,,,,,,
Dr Sun,,,,,,
Dr Teal’s,,,,,,
Dr Wellness,,,,,,
Dr White,,,,,,
Dr Z & C,,,,,,
Dr’s Formula,,,,,,
Dream Kids,,,,,,
Dream Kiss,,,,,,
Dream Woman,,,,,,
Dream World,,,,,,
Drip,,,,,,
Drm4,,,,,,
Dry Idea,,,,,,
Dry Love,,,,,,
Dsm,,,,,,
Duchess Paris,,,,,,
Dudu Osun,,,,,,
Dunhill,,,,,,
Duo,,,,,,
Durex,,,,,,
Dusha,,,,,,
E-6,,,,,,
E.M.C,,,,,,
E45,,,,,,
E45 Icon,,,,,,
E6,,,,,,
Earth Supplied,,,,,,
Easy Fair,,,,,,
Easy Glow,,,,,,
Easy Light,,,,,,
Easy On,,,,,,
Easy Tone,,,,,,
Easy White Paris,,,,,,
Eaux Rares,,,,,,
Ebin New York,,,,,,
Ebony,,,,,,
Ec 1,,,,,,
Eclat Total,,,,,,
Eclat White,,,,,,
Eco Denta,,,,,,
Eco Natural,,,,,,
Eco Style,,,,,,
Ecotools,,,,,,
Ed Guard,,,,,,
Eden,,,,,,
Effimax,,,,,,
Effimax 5,,,,,,
Efolia,,,,,,
Egyptian Magic,,,,,,
Ehsas Al Hub,,,,,,
EL,,,,,,
Elan,,,,,,
Elasta Qp,,,,,,
Elastalift,,,,,,
Elchino,,,,,,
Element,,,,,,
Elementica,,,,,,
Elentee,,,,,,
Elf,,,,,,
Elie Saab,,,,,,
Elixir,,,,,,
Elizabeth Arden,,,,,,
Elizabeth Taylor,,,,,,
Elizzer,,,,,,
Elkos,,,,,,
Ella Classic,,,,,,
Ella James,,,,,,
Elle,,,,,,
Elle 5,,,,,,
Ellen Paris,,,,,,
Ellen White,,,,,,
Elnett,,,,,,
Elope,,,,,,
Elysium Spa,,,,,,
Emily Millionaire,,,,,,
Emma,,,,,,
Emper,,,,,,
Empire,,,,,,
Empitone,,,,,,
Emporio Armani,,,,,,
Empress,,,,,,
En Fresh,,,,,,
Enchanteur,,,,,,
English Breeze,,,,,,
Enjoy Colour,,,,,,
Enjoy Life,,,,,,
Enliven,,,,,,
Eos,,,,,,
Epic,,,,,,
Epic Adeventure,,,,,,
Epiclair,,,,,,
Epiderm,,,,,,
Epsom Salts,,,,,,
Equator,,,,,,
Erato,,,,,,
Escabelle,,,,,,
Escada,,,,,,
Esccenti,,,,,,
Esco,,,,,,
Eskinol,,,,,,
Eskioda,,,,,,
Eskoda,,,,,,
Essence,,,,,,
Estee,,,,,,
Estee Lauder,,,,,,
Estelin,,,,,,
Estiara Passion,,,,,,
Estrella,,,,,,
Ethic Killer,,,,,,
Etude,,,,,,
Etude House,,,,,,
Eucerin,,,,,,
Euro,,,,,,
Euro White,,,,,,
Euro Women,,,,,,
Euthymol,,,,,,
Eva,,,,,,
Everseas,,,,,,
Every Strand,,,,,,
Everyone,,,,,,
Everyone For Everybody,,,,,,
Everyone Lotion,,,,,,
Evoluderm,,,,,,
Evree,,,,,,
Exclusive,,,,,,
Exotica,,,,,,
Explore,,,,,,
Express Glow,,,,,,
Extra Beaute,,,,,,
Extra Care,,,,,,
Extra Pure,,,,,,
Extract,,,,,,
Extract Gold,,,,,,
Extraderm,,,,,,
Extrafort,,,,,,
Extreme Fair,,,,,,
Extreme Glow,,,,,,
Extreme White,,,,,,
Extreme Whitening,,,,,,
Eyup Sabri,,,,,,
Ezflow,,,,,,
Fa,,,,,,
Fabbla,,,,,,
Face Facts,,,,,,
Fade Out,,,,,,
Fadira,,,,,,
Faemacotone,,,,,,
Fair And Balance,,,,,,
Fair And Beautiful,,,,,,
Fair And Brite,,,,,,
Fair And Glow,,,,,,
Fair And Light,,,,,,
Fair And White,,,,,,
Fair Child,,,,,,
Fair Glow,,,,,,
Fair Lady,,,,,,
Fairness Skin,,,,,,
Fairy,,,,,,
Faith In Nature,,,,,,
Falanyasi,,,,,,
Familia,,,,,,
Family Care,,,,,,
Fantasia,,,,,,
Faris Haramain,,,,,,
Fashion Fair,,,,,,
Fasio,,,,,,
Faster White Paris,,,,,,
Faultless,,,,,,
Fautless,,,,,,
Feah,,,,,,
Febreze,,,,,,
Feharanheit,,,,,,
Felce Azzurra,,,,,,
Fem Tight,,,,,,
Femelle,,,,,,
Femfresh,,,,,,
Femme Couture,,,,,,
Fendi,,,,,,
Fenty Beauty,,,,,,
Ferine,,,,,,
Ferne McCann,,,,,,
Ferraucci,,,,,,
Fevicid,,,,,,
Fiero,,,,,,
Fifty’s,,,,,,
Filipino Injection,,,,,,
Final Lotion,,,,,,
Final Maxitone,,,,,,
Final White,,,,,,
FineVine,,,,,,
Fing’rs,,,,,,
Fiorae,,,,,,
Firefly,,,,,,
Firenze,,,,,,
First Class Lady,,,,,,
First Kiss,,,,,,
Fix Hemp,,,,,,
Flamingo,,,,,,
Flannel Portugal,,,,,,
Flawless Ivy,,,,,,
Flawless Secret,,,,,,
Flawlessly U,,,,,,
Floor,,,,,,
Florale Plus,,,,,,
Florentyna,,,,,,
Flori Robert,,,,,,
Flori’s Duo,,,,,,
Florida Baby Face,,,,,,
Flormar,,,,,,
Flower Blast,,,,,,
Fluocinoclear,,,,,,
Fluorodine,,,,,,
Fly Fix,,,,,,
Fogg,,,,,,
Folicure,,,,,,
Foot Therapy,,,,,,
Forces Of Nature,,,,,,
Forever,,,,,,
Forever Bee,,,,,,
Forever Living,,,,,,
Forever Young,,,,,,
Formula,,,,,,
Formula N025,,,,,,
Formula Plus,,,,,,
Fortis Gold,,,,,,
Fougera,,,,,,
Fragrance Deluxe,,,,,,
Fragrance World,,,,,,
Framacotone,,,,,,
France White+,,,,,,
Franck Oliver,,,,,,
Franck Olivier,,,,,,
Freederm,,,,,,
Freedom,,,,,,
Freeman,,,,,,
French Connection,,,,,,
Fresh And Clean,,,,,,
Fresh Collagen,,,,,,
Fresh Senses,,,,,,
Fresh Storm,,,,,,
FreshGlow,,,,,,
Freshlook,,,,,,
Freshtimes,,,,,,
Freshtone,,,,,,
Fressia,,,,,,
Fria,,,,,,
Friend,,,,,,
Froza,,,,,,
Frozen,,,,,,
Frozen Detox,,,,,,
Fruiser,,,,,,
Fruit Of The Earth,,,,,,
Fruit Of The Wokoli,,,,,,
Fruitamin,,,,,,
Funbact,,,,,,
Funbact A,,,,,,
Funbact-A,,,,,,
Funbeaut-A,,,,,,
Futurebiotics,,,,,,
G And G,,,,,,
G Derm,,,,,,
G White Paris,,,,,,
G-7,,,,,,
Galaxy,,,,,,
Gardener's,,,,,,
Garnier,,,,,,
Gavia,,,,,,
Geaimei,,,,,,
Geemy,,,,,,
Gemei,,,,,,
Gemstone,,,,,,
Genesis,,,,,,
Gentelle,,,,,,
Gentle,,,,,,
Gentle Dove,,,,,,
Georgianna Lane,,,,,,
Geparlys,,,,,,
Germol,,,,,,
Gervenne,,,,,,
Get Lathered,,,,,,
Getadd,,,,,,
Ghost Bond,,,,,,
Giardino,,,,,,
Giga White,,,,,,
Gigi,,,,,,
Gillette,,,,,,
Ginger,,,,,,
Ginseng,,,,,,
Ginspired,,,,,,
Giorgio Armani,,,,,,
Giorgio Black,,,,,,
Giorgio Oud,,,,,,
Giorgio Pink,,,,,,
Givenchy,,,,,,
Gk Hair,,,,,,
Glade,,,,,,
Glam’s,,,,,,
Glam’s Beauty,,,,,,
Glamgals,,,,,,
Glamorous,,,,,,
Glams,,,,,,
Global Beauty Care,,,,,,
Gloshine,,,,,,
Glover,,,,,,
Glow And White,,,,,,
Glow Girl,,,,,,
Glow Half Cast,,,,,,
Glow Recipe,,,,,,
Glowis,,,,,,
Glupa,,,,,,
Glupatone,,,,,,
Gluta,,,,,,
Gluta Coprime,,,,,,
Gluta Max,,,,,,
Gluta Primme,,,,,,
Gluta White,,,,,,
Gluta Winky,,,,,,
Gluta-C,,,,,,
Glutathione,,,,,,
Goji,,,,,,
Gold Bond,,,,,,
Gold Finger,,,,,,
Gold Olive,,,,,,
Gold Skin,,,,,,
Golden Almond,,,,,,
Golden Face,,,,,,
Golden Night,,,,,,
Golden Oud,,,,,,
Golden Pearl,,,,,,
Goli Nutrition,,,,,,
Good Knight,,,,,,
Good Molecules,,,,,,
Goodline,,,,,,
Goody,,,,,,
Got 2B,,,,,,
Got2b,,,,,,
Goya,,,,,,
Grace,,,,,,
Gravity,,,,,,
Great Vision,,,,,,
Grey Dey Kouroun,,,,,,
Groff Kids,,,,,,
Groganics,,,,,,
Gsq By Glamsquad,,,,,,
Guanjing,,,,,,
Gucci,,,,,,
Guerlain,,,,,,
Guerlain Santal Royal,,,,,,
Guess,,,,,,
Gulfflower,,,,,,
Gush,,,,,,
H20 Jours,,,,,,
Hadalabo,,,,,,
Hair Beezeek,,,,,,
Hair Booster,,,,,,
Hair Now Now,,,,,,
Hair Revita,,,,,,
Hair Thick,,,,,,
Hair Wonder,,,,,,
Hairven,,,,,,
Half Cast,,,,,,
Half Caste,,,,,,
Haloderm,,,,,,
Hamed Salon,,,,,,
Hamidi,,,,,,
Hamidi Fatima,,,,,,
Hamman El Hana,,,,,,
Hanes,,,,,,
Happiness,,,,,,
Happy Jackson,,,,,,
Happy Shower,,,,,,
Harba,,,,,,
Hard Candy,,,,,,
Harmon Face Values,,,,,,
Harpic,,,,,,
Hask,,,,,,
Hasmi,,,,,,
Hatchimals,,,,,,
Hatomugi,,,,,,
Havex,,,,,,
Hawaii,,,,,,
Hawaiian Silky,,,,,,
Hayaati,,,,,,
Head And Shoulders,,,,,,
Health By Habit,,,,,,
Health Smart,,,,,,
Healthra,,,,,,
Healthy Hour,,,,,,
Heaven Scent,,,,,,
Heel Balm,,,,,,
Hegai And Esther,,,,,,
Heladiv,,,,,,
Hemani,,,,,,
Henfang,,,,,,
Henna,,,,,,
Herba Rich,,,,,,
Herbal Essences,,,,,,
Heritage Store,,,,,,
Herman,,,,,,
Herrman,,,,,,
Hi White,,,,,,
High Life,,,,,,
High Time,,,,,,
Hila Paris,,,,,,
Himalaya Herbals,,,,,,
Hit The Spot,,,,,,
Holika Holika,,,,,,
Hollister,,,,,,
Hollywood,,,,,,
Hollywood Beauty,,,,,,
Hollywood Curl,,,,,,
Hollywood Style,,,,,,
Home Alone,,,,,,
Honey Bee,,,,,,
Honey Lab,,,,,,
Hot Ice,,,,,,
Hotice,,,,,,
House Of Tara,,,,,,
Ht26,,,,,,
Htc,,,,,,
Huda Beauty,,,,,,
Huggies,,,,,,
Hugo Boss,,,,,,
Humana,,,,,,
Hummer,,,,,,
Humphreys,,,,,,
Husn-e,,,,,,
Hyaluronic,,,,,,
Hydra Oil,,,,,,
Hygenics,,,,,,
Hyper Creme,,,,,,
Hypo,,,,,,
Hyprogel,,,,,,
I Envy By Kiss,,,,,,
I Heart Revolution,,,,,,
I-Remi,,,,,,
ICNL,,,,,,
Icon,,,,,,
Ideal Cream,,,,,,
Idol,,,,,,
Idole,,,,,,
Iessy Maiyke,,,,,,
Ilham,,,,,,
iLife,,,,,,
Iman,,,,,,
Immediat Claire,,,,,,
Immediat White,,,,,,
Imperio,,,,,,
Impulse,,,,,,
Indasec,,,,,,
Infini Clear,,,,,,
Infusium,,,,,,
Inglot,,,,,,
Insette,,,,,,
Insignia,,,,,,
Instant,,,,,,
Instant Colour,,,,,,
Intense Man,,,,,,
Irie Dead,,,,,,
Iris Moon,,,,,,
Irish Gold,,,,,,
Irish Spring,,,,,,
Irwin Naturals,,,,,,
Isabelle Dunpont,,,,,,
Isana,,,,,,
Ishigaki,,,,,,
Island Beauty,,,,,,
Isntree,,,,,,
Issey Miyake,,,,,,
Istree,,,,,,
Itinerari Olfattivi,,,,,,
Its Bitsy,,,,,,
Ivory Caps,,,,,,
Ivy Belle,,,,,,
Izme,,,,,,
J Cat,,,,,,
J-Chen,,,,,,
J’Epil,,,,,,
Jacinda,,,,,,
Jack 5Ive,,,,,,
Jaclin,,,,,,
Jacomo De Jacomo,,,,,,
Jadore,,,,,,
Jaguar And Power,,,,,,
Jam,,,,,,
Jamaican Black,,,,,,
Janet,,,,,,
Jany’s Line,,,,,,
Jape,,,,,,
Jaques Bogart,,,,,,
Jardin D’Oleane,,,,,,
Jaribu,,,,,,
Jasper Conran,,,,,,
Jaune D’Oeuf,,,,,,
Jawad AL Layl,,,,,,
Jb Fragrance,,,,,,
Jean Paul,,,,,,
Jeanne Arthes,,,,,,
Jeer,,,,,,
Jeffre Star,,,,,,
Jellicios,,,,,,
Jenifer Lopez,,,,,,
Jenifer Lopez Secrets,,,,,,
Jennifer Lopez Secrets,,,,,,
Jepil,,,,,,
Jergens,,,,,,
Jik,,,,,,
Jim,,,,,,
Jimmy Choo,,,,,,
Jimpo-ori,,,,,,
Joda,,,,,,
Johan B,,,,,,
John Frieda,,,,,,
John Varvatos,,,,,,
Johnson Johnson,,,,,,
Joju,,,,,,
Jolly Good,,,,,,
Joop,,,,,,
Jordan,,,,,,
Jordana,,,,,,
Jouwri,,,,,,
Joykaly,,,,,,
Jra,,,,,,
Juicy Couture,,,,,,
Julie,,,,,,
Jumia,,,,,,
Jumiso,,,,,,
Just for Me,,,,,,
Just Glow,,,,,,
Justin Bieber’s,,,,,,
Juvia,,,,,,
K Brothers,,,,,,
Kalon,,,,,,
Kamisafe,,,,,,
Kao,,,,,,
Kaptivae,,,,,,
Karina H,,,,,,
Karis,,,,,,
Karite,,,,,,
Karpido,,,,,,
Kartie,,,,,,
Kawkab Al Sharq Arabiyat,,,,,,
Kenneth Cole,,,,,,
Keratin,,,,,,
Khalis,,,,,,
Khalis Sadaf,,,,,,
Khaltath,,,,,,
Kiddies,,,,,,
Kiddieteenz,,,,,,
Kids And Teens,,,,,,
Kidz & More,,,,,,
Kiki,,,,,,
Kiko,,,,,,
Kim Whitening,,,,,,
Kimirca,,,,,,
Kind Natured,,,,,,
King In A Million,,,,,,
Kirkland,,,,,,
Kiss Beauty,,,,,,
Kiss Kids,,,,,,
Kiss My Face,,,,,,
Kiton,,,,,,
Kiwi,,,,,,
Klaris,,,,,,
Klean Color,,,,,,
Kleenex,,,,,,
Koji,,,,,,
Kojic Clear,,,,,,
Kojic Rice,,,,,,
Kojic San,,,,,,
Kojic Spa,,,,,,
Kojic White,,,,,,
Kojie San,,,,,,
Konjax,,,,,,
Kora Glow,,,,,,
Kotex,,,,,,
Kpata Kpata,,,,,,
Kronger,,,,,,
KTC,,,,,,
Kuddy,,,,,,
Kuu,,,,,,
Kuu Spa,,,,,,
Kuza,,,,,,
Ky,,,,,,
Kylie Cosmetics,,,,,,
Kyriaz,,,,,,
L Chear,,,,,,
L.A Colors,,,,,,
L.A Girl,,,,,,
L.A Pride,,,,,,
L.U.X.E,,,,,,
L'avyanna,,,,,,
L’avyanna,,,,,,
L'oreal Paris,,,,,,
La Bamakoise,,,,,,
La Botti,,,,,,
La Colors,,,,,,
La Dakaroise,,,,,,
La Fresh,,,,,,
La La La,,,,,,
La Roche-Posay,,,,,,
La’bidjanaise,,,,,,
Lab 2,,,,,,
Lab Atom,,,,,,
Lab White,,,,,,
Lab-Y,,,,,,
Laboderma,,,,,,
Lachae,,,,,,
Lachel,,,,,,
Lacoste,,,,,,
Lactacyd,,,,,,
Lacura,,,,,,
Lady Care,,,,,,
Lady Diana,,,,,,
Lady Gaga,,,,,,
Lady Presidente,,,,,,
Lady Secret,,,,,,
Lady Sept,,,,,,
Lady Storm,,,,,,
Ladymenco,,,,,,
Laffair,,,,,,
Laiou Yan Beauty,,,,,,
Lair,,,,,,
Lait,,,,,,
Lakme Absolute,,,,,,
Lalawing,,,,,,
Lalique,,,,,,
Lalique White,,,,,,
Lamast Harir,,,,,,
Lamuse Sultan Al,,,,,,
Lanbena,,,,,,
Lancome,,,,,,
Land Of Nod,,,,,,
Lanell,,,,,,
Lanoline,,,,,,
Lanvin Oxygene,,,,,,
Larissa,,,,,,
Laser,,,,,,
Lattafa,,,,,,
Laura Mercier,,,,,,
Lauren Jay Paris,,,,,,
Laveur De Tint,,,,,,
Layla Bikini,,,,,,
Lazel,,,,,,
Lc,,,,,,
Le Asian White,,,,,,
Le Laveur,,,,,,
Lealeen,,,,,,
Lee,,,,,,
Lee Papaya Kojic,,,,,,
Leighton Deenny,,,,,,
Leisure Curl,,,,,,
Leivy,,,,,,
Lemon Clear,,,,,,
Lemon Glow,,,,,,
Lemonvate,,,,,,
Leocrema,,,,,,
Lets Dred,,,,,,
Lets Spa,,,,,,
Lever,,,,,,
Liabel,,,,,,
Liberation Moringa,,,,,,
Life Naturals,,,,,,
Lifebuoy,,,,,,
Light Up,,,,,,
Lighten Up,,,,,,
Likas,,,,,,
Lilies,,,,,,
Lineage,,,,,,
Lip Fusion,,,,,,
Lip Silk,,,,,,
LipFusion,,,,,,
Lisseau,,,,,,
Listerine,,,,,,
Lite And Lovely,,,,,,
Live Better,,,,,,
Live Green,,,,,,
Liz Claiborne,,,,,,
Lomani Code,,,,,,
Long & Lasting,,,,,,
Long And Luxe,,,,,,
Long Rich,,,,,,
Lontor,,,,,,
Looking Good,,,,,,
Lordii,,,,,,
Lorin,,,,,,
Lost Men,,,,,,
Lottabody,,,,,,
Love And Nature,,,,,,
Love Beauty And Planet,,,,,,
Love Jojo,,,,,,
Lovillea,,,,,,
Lu,,,,,,
Lubrex,,,,,,
Lubriderm,,,,,,
Lude,,,,,,
Lumentor,,,,,,
Lumine,,,,,,
Lumirance,,,,,,
Lumog,,,,,,
Luodais,,,,,,
Lupilu,,,,,,
Lush,,,,,,
Luster’s Pink,,,,,,
Luster's S Curl,,,,,,
Lustrous,,,,,,
Lux,,,,,,
Lux Beauty,,,,,,
Lux Maestro,,,,,,
Lux Premiums,,,,,,
Luxfume,,,,,,
Lycia,,,,,,
Lyke,,,,,,
Lynda Davids,,,,,,
Lynx,,,,,,
Lysol,,,,,,
M3,,,,,,
Maahir,,,,,,
Maahir Lattafa ,,,,,,
Mabrook,,,,,,
Mac,,,,,,
Macadamia,,,,,,
Macarena,,,,,,
Maclana,,,,,,
Macleans,,,,,,
Macromolecule,,,,,,
Macys,,,,,,
Mad Et Len,,,,,,
Madam Ranee,,,,,,
Madam White,,,,,,
Madame Heng,,,,,,
Mademoiselle Debutante,,,,,,
Madina,,,,,,
Magic,,,,,,
Magic Collection,,,,,,
Magic Derma,,,,,,
Magic Girl,,,,,,
Magic Potion,,,,,,
Magic Skin,,,,,,
Magic White,,,,,,
Maison Francis Kurkdjian,,,,,,
Maison Margiela,,,,,,
Makari,,,,,,
Make Me White,,,,,,
Make Up Forever,,,,,,
Malibu,,,,,,
Malin+Goetz,,,,,,
Malizia Uomo,,,,,,
Mally,,,,,,
Mama Lemon,,,,,,
Mama Tega,,,,,,
Mamado,,,,,,
Mamiya Organics,,,,,,
Mancera,,,,,,
Mandison,,,,,,
Manfei,,,,,,
Mango And Lime,,,,,,
Marc Jacobs,,,,,,
Marey Delina ,,,,,,
Marhaba,,,,,,
Mark And Spencer,,,,,,
Mark White,,,,,,
Marlo Falcone,,,,,,
Marque,,,,,,
Marscon,,,,,,
Marseiliais,,,,,,
Marshall,,,,,,
Marshmallow,,,,,,
Mary & May,,,,,,
Mary Kate And Ashley,,,,,,
Mary Kay,,,,,,
Marya J,,,,,,
Mason Natural,,,,,,
Matador,,,,,,
Matex,,,,,,
Max Baby,,,,,,
Max Flush 5,,,,,,
Maxi,,,,,,
Maxi Peel,,,,,,
Maxi White,,,,,,
Maxi-Tone,,,,,,
Maximum Strength,,,,,,
Maxitona,,,,,,
Mayar,,,,,,
Maybelline,,,,,,
Mazuri,,,,,,
Meda,,,,,,
Mederma,,,,,,
Medex,,,,,,
Medi Guard,,,,,,
Medi Soft,,,,,,
Mediana,,,,,,
Medicated,,,,,,
Medipure,,,,,,
Medix 5.5,,,,,,
Medline Remedy,,,,,,
Mega Style,,,,,,
Mehron,,,,,,
Meinaier,,,,,,
Mekako,,,,,,
Melanofree,,,,,,
Melora,,,,,,
Melvita,,,,,,
Member’s Mark,,,,,,
Memphis,,,,,,
Mena,,,,,,
Menotone,,,,,,
Mercedes Benz,,,,,,
Mercy Ointment,,,,,,
Meriko,,,,,,
Merit,,,,,,
Merito,,,,,,
Met,,,,,,
Mexfectqr,,,,,,
Micheal Kors,,,,,,
Mielle,,,,,,
Mierva,,,,,,
Milani,,,,,,
Milk Of Magnesia,,,,,,
Milk Protein,,,,,,
Million Pauline,,,,,,
Millionaire Beverly Hills,,,,,,
MilMil,,,,,,
Milos,,,,,,
Milton,,,,,,
Milton Llyod,,,,,,
Miracle,,,,,,
Miracle Glow,,,,,,
Miracle Teeth,,,,,,
Mirth Beauty,,,,,,
Mis Metics,,,,,,
Miss Beauty,,,,,,
Miss Caroline,,,,,,
Miss Jessies’s,,,,,,
Miss Rose,,,,,,
Miss White,,,,,,
Missha,,,,,,
Mistine,,,,,,
Mitchell Brands,,,,,,
Mitchum,,,,,,
Mixed Roots,,,,,,
Moco De Gorilla,,,,,,
Modern Queen,,,,,,
Modesa,,,,,,
Modess,,,,,,
Moko,,,,,,
Molfix,,,,,,
Molp,,,,,,
Molped,,,,,,
Mom & Baby,,,,,,
Monsoon,,,,,,
Mont Blanc,,,,,,
Montage,,,,,,
Montera,,,,,,
Moonlight,,,,,,
More Than Gold,,,,,,
More White,,,,,,
Morgan Taylor,,,,,,
Morgan’s,,,,,,
Morgan’s Pomade,,,,,,
Moringa,,,,,,
Morning Fresh,,,,,,
Moroccan Argan,,,,,,
Moroccan Argan Oil,,,,,,
Morphe,,,,,,
Mortein,,,,,,
Moschino,,,,,,
Mosuf,,,,,,
Mothers Dream,,,,,,
Motions,,,,,,
Mousuf Ramadi,,,,,,
Mousuf Zaafaran,,,,,,
Movate,,,,,,
Movate Cream,,,,,,
Mr Gecko,,,,,,
Mr Jamie Stevens,,,,,,
Mr Remi,,,,,,
Mupiderm,,,,,,
Murad,,,,,,
Murrays,,,,,,
Music Flower,,,,,,
Must White,,,,,,
Mustela,,,,,,
My Dear Body,,,,,,
My Love,,,,,,
My Love Collection,,,,,,
My Skin & Co,,,,,,
Mycocide,,,,,,
Myra,,,,,,
Mysaho,,,,,,
N07,,,,,,
Nadinola,,,,,,
Nailene,,,,,,
Nailmedic,,,,,,
Nailsinc,,,,,,
Nair,,,,,,
Naked,,,,,,
Nanacoco,,,,,,
Nano,,,,,,
Nano Extra White,,,,,,
Nano Gold,,,,,,
Nano Kojic,,,,,,
Naomi,,,,,,
Napa Valley,,,,,,
Narciso Rodgriguez,,,,,,
Nars,,,,,,
Naseem,,,,,,
Nasomattoo,,,,,,
Natasha Denopna,,,,,,
Natur Vital,,,,,,
Natural Beauty,,,,,,
Natural Chemist,,,,,,
Natural Fairnes,,,,,,
Natural Fresh,,,,,,
Natural Honey,,,,,,
Natural World,,,,,,
Naturally Fair,,,,,,
Naturals By Watsons,,,,,,
Nature Essence,,,,,,
Nature Glow Paris,,,,,,
Nature Herbal,,,,,,
Nature Lab,,,,,,
Nature Made,,,,,,
Nature Republic,,,,,,
Nature Secrete,,,,,,
Nature Well,,,,,,
Nature White,,,,,,
Nature’s Bounty,,,,,,
Nature's Craft,,,,,,
Nature's Truth,,,,,,
Naturel Cream,,,,,,
Natureplex,,,,,,
Natures Aid,,,,,,
Natures Cure,,,,,,
Natures Gentle Touch,,,,,,
Natures Magic,,,,,,
Naturium,,,,,,
Naturopahica,,,,,,
NB,,,,,,
ND-81,,,,,,
Nedems,,,,,,
Neo Cell,,,,,,
Neo Life,,,,,,
Neo Medrol,,,,,,
Neo Presol,,,,,,
Neocell,,,,,,
NeoGloves,,,,,,
Neola,,,,,,
Neon,,,,,,
Neoprosone,,,,,,
NeoSkin,,,,,,
Neu Clear,,,,,,
Neutro Soft,,,,,,
Neutrogena,,,,,,
New Life,,,,,,
New Light,,,,,,
New Placentyne,,,,,,
New York,,,,,,
New York Fair & Lovely,,,,,,
Nexton,,,,,,
Niagara,,,,,,
Nice ’N’ Fresh,,,,,,
Nice & Easy,,,,,,
Nicka K,,,,,,
Nicki Minaj,,,,,,
Nickledeon,,,,,,
Night Oud,,,,,,
Nightingale,,,,,,
Nights Of Arabia,,,,,,
Nikita,,,,,,
Nina,,,,,,
Nioxin,,,,,,
Nisa,,,,,,
Nisunie,,,,,,
Niuma,,,,,,
Nivea,,,,,,
Nixoderm,,,,,,
Nizoral,,,,,,
Njl,,,,,,
Noble White,,,,,,
Nomarks,,,,,,
Noor Gold,,,,,,
Norland,,,,,,
Note,,,,,,
Nova,,,,,,
Nova Gold,,,,,,
Nova Lite,,,,,,
Now Solutions,,,,,,
Noxzema,,,,,,
Nu Image,,,,,,
Nuage,,,,,,
Nuance,,,,,,
Nuban Beauty,,,,,,
Nuevo,,,,,,
Nunaat,,,,,,
Nuspa,,,,,,
Nutra Nail,,,,,,
Nutra Shine,,,,,,
NutriCarrot,,,,,,
Nutriclair,,,,,,
Nuventin,,,,,,
Nuxe,,,,,,
Nyc,,,,,,
Nycil,,,,,,
Nyke,,,,,,
Nyx,,,,,,
O Carly,,,,,,
O’tentika,,,,,,
Oak,,,,,,
Oak Eau,,,,,,
Oak Royal,,,,,,
Obia,,,,,,
Obn,,,,,,
Ocean Potion,,,,,,
Odeon,,,,,,
Odomos,,,,,,
Odor Eaters,,,,,,
Og Outdoor Girl,,,,,,
Ogm,,,,,,
Ogx,,,,,,
Oh White,,,,,,
Oho,,,,,,
Olay,,,,,,
Olay Instant,,,,,,
Olaybact,,,,,,
Old Spice,,,,,,
Olga,,,,,,
Olive Oil,,,,,,
Olivera,,,,,,
Olly,,,,,,
Olympea,,,,,,
Omaphils,,,,,,
Omic,,,,,,
Omo,,,,,,
On Natural,,,,,,
Oniro,,,,,,
Onleeu,,,,,,
Onny,,,,,,
Ophylia,,,,,,
Opi,,,,,,
Oral B,,,,,,
Oranvate,,,,,,
Orbi,,,,,,
Organic,,,,,,
Organic Hair Energizer,,,,,,
Organic Ionic,,,,,,
Organics,,,,,,
Origins,,,,,,
Orly,,,,,,
Orosun,,,,,,
Ors,,,,,,
Osigma,,,,,,
Osiris Avise,,,,,,
Ossat Naturals,,,,,,
Otentika,,,,,,
Oud Al Layl,,,,,,
Oud Touch,,,,,,
Oxy,,,,,,
Oxy 5,,,,,,
Oyster,,,,,,
Oz Botanics,,,,,,
Ozone,,,,,,
Paco Rabanne,,,,,,
Paddington,,,,,,
Pai Mei,,,,,,
Palc,,,,,,
Palladio,,,,,,
Palm Olive,,,,,,
Palmers,,,,,,
Paloma,,,,,,
Pampered,,,,,,
Pampers,,,,,,
Panic Color,,,,,,
Panoxyl,,,,,,
Pantene,,,,,,
Papaya,,,,,,
Paradox,,,,,,
Parely,,,,,,
Parfum Deluxe,,,,,,
Parfums De Coeur,,,,,,
Paris Bleu,,,,,,
Paris Corner,,,,,,
Paris Hilton,,,,,,
Parley,,,,,,
Parnevu,,,,,,
Party White,,,,,,
Pasjel,,,,,,
Pastil,,,,,,
Patricia Reyner,,,,,,
Paula’s Choice,,,,,,
Paw Patrol,,,,,,
Paw Paw,,,,,,
Pcj,,,,,,
Pe Jaune,,,,,,
Pearl,,,,,,
Pearl Drops,,,,,,
Pearl Valley,,,,,,
Pearl Whitening,,,,,,
Pearlessence,,,,,,
Pears,,,,,,
Peau Claire,,,,,,
Peau Jaune,,,,,,
Peaudelune,,,,,,
Pei Mei,,,,,,
Pendora,,,,,,
Peppa,,,,,,
Pepsodent,,,,,,
Perfect Glow,,,,,,
Perfect Purity,,,,,,
Perfect Skin,,,,,,
Perfect White,,,,,,
Perfectly Pure,,,,,,
Perfume Deluxe,,,,,,
Peripera Peri,,,,,,
Perlage,,,,,,
Perlay,,,,,,
Perm Repair,,,,,,
Perry Ellis,,,,,,
Persil,,,,,,
Personna,,,,,,
Pert Plus,,,,,,
Petal Fresh,,,,,,
Petals,,,,,,
PGB,,,,,,
Pharm And Table,,,,,,
Pharmaderm,,,,,,
Phillips,,,,,,
Phisoderm,,,,,,
Pielor,,,,,,
Piki,,,,,,
Pillo Premium,,,,,,
Piment Doux,,,,,,
Pink,,,,,,
Pink in Sweet,,,,,,
Pinkees,,,,,,
Pixi,,,,,,
Plant Of Essence,,,,,,
Plante,,,,,,
Play Boy,,,,,,
Play N Stay,,,,,,
Pocelle,,,,,,
Poise,,,,,,
Politun,,,,,,
Polo,,,,,,
Ponds,,,,,,
Pop Arazzi,,,,,,
Porcelana,,,,,,
Possibility,,,,,,
Power Stick,,,,,,
Pr Francoise Bedon,,,,,,
Prada,,,,,,
Precious,,,,,,
Precious Perfect,,,,,,
Precision Beauty,,,,,,
Premier Cool,,,,,,
Press On Nails,,,,,,
Presto,,,,,,
Pretty,,,,,,
Pretty Angels,,,,,,
Pretty Cowry,,,,,,
Pretty Intimate,,,,,,
Pretty Moisturising,,,,,,
Pretty Smooth,,,,,,
Pretty White,,,,,,
Pretty Woman,,,,,,
Prevage,,,,,,
Prevail,,,,,,
Prickly,,,,,,
Pride,,,,,,
Primark,,,,,,
Prince Matchabelli,,,,,,
Pro Formula,,,,,,
Pro Line,,,,,,
Pro Oral,,,,,,
Probabylisscoco,,,,,,
ProCare,,,,,,
Profectiv,,,,,,
Progenix,,,,,,
Promise Organic,,,,,,
Proramindong,,,,,,
Provamed,,,,,,
ProVent,,,,,,
Provoke,,,,,,
Ps Sun,,,,,,
Pucelle,,,,,,
Puissance Reparateur,,,,,,
Punch Judy,,,,,,
Pure,,,,,,
Pure And Soft,,,,,,
Pure Carrot,,,,,,
Pure Egyptian,,,,,,
Pure Glow,,,,,,
Pure Herbal,,,,,,
Pure Indian White,,,,,,
Pure Klenz,,,,,,
Pure Love,,,,,,
Pure Menthe,,,,,,
Pure Nomarks,,,,,,
Pure Skin,,,,,,
Pure White,,,,,,
Pureal,,,,,,
Purec Egyptian,,,,,,
Purederm,,,,,,
Pureform,,,,,,
Purell,,,,,,
Purex,,,,,,
Purit,,,,,,
Puritan’s Pride,,,,,,
Purity Plus,,,,,,
Q White,,,,,,
Q10,,,,,,
Q56,,,,,,
Q7,,,,,,
Qei+ Paris,,,,,,
Queen,,,,,,
Queen Elisabeth,,,,,,
Queen Helene,,,,,,
Quick Clear,,,,,,
Qx10,,,,,,
Qx11,,,,,,
Qx5+,,,,,,
Qx6,,,,,,
Qx7,,,,,,
Qx8,,,,,,
Qx9,,,,,,
R And D,,,,,,
Radiance,,,,,,
Radiant Glow,,,,,,
Radox,,,,,,
Raid,,,,,,
Ralph Lauren,,,,,,
Rambo,,,,,,
Ranee,,,,,,
Rapid Clair,,,,,,
Rapid White,,,,,,
Rare Pearls,,,,,,
Rasasi,,,,,,
Rave,,,,,,
Rave Signature,,,,,,
Raving,,,,,,
Razac,,,,,,
Rboron,,,,,,
Rcma,,,,,,
Rdl,,,,,,
Reach,,,,,,
Read A Dream,,,,,,
Real Techniques,,,,,,
Realemon,,,,,,
Red Cherry,,,,,,
Reflex,,,,,,
Relax,,,,,,
Remilgton,,,,,,
Remy Latour,,,,,,
Ren,,,,,,
Renew,,,,,,
Repardine,,,,,,
Replenix,,,,,,
Repute,,,,,,
Reshape,,,,,,
Retin-A,,,,,,
Retino-A,,,,,,
Retinol,,,,,,
Revele,,,,,,
Reventin,,,,,,
Revita,,,,,,
Revlon,,,,,,
Revolution,,,,,,
Revox,,,,,,
Revuele,,,,,,
Rexona,,,,,,
Reyane Tradition,,,,,,
Reyna,,,,,,
Rhome,,,,,,
Rhoto Melano,,,,,,
Rich And Pure,,,,,,
Ricky Care,,,,,,
Riggs London,,,,,,
Right Guard,,,,,,
Rihanna,,,,,,
Rimmel London,,,,,,
Rina Ketty,,,,,,
Ring Fill Light,,,,,,
Rite Aid,,,,,,
Riva J,,,,,,
Robb,,,,,,
Roberto Cavalli,,,,,,
Roial,,,,,,
Ronik,,,,,,
Room,,,,,,
Rooties,,,,,,
Roots,,,,,,
Rose,,,,,,
Rose Bath And Body,,,,,,
Rose Paris,,,,,,
Rose Sensuous,,,,,,
Rosen Apothecary,,,,,,
Rosense,,,,,,
Rouat Al Oud,,,,,,
Roushun,,,,,,
Rowenta,,,,,,
Royal,,,,,,
Royal Aqua,,,,,,
Royal Crown,,,,,,
Royallux,,,,,,
Ruby Kisses,,,,,,
Rugby,,,,,,
Ruka,,,,,,
S Curl,,,,,,
S Soft,,,,,,
S.he,,,,,,
Sacha,,,,,,
Safe,,,,,,
Safe And Sound,,,,,,
Safe Care,,,,,,
Safe Cut,,,,,,
Safeguard,,,,,,
Sahara Anaqa,,,,,,
Sahara Fayrouz,,,,,,
Sahara Shahama,,,,,,
Sainsbury,,,,,,
Saint Laurent,,,,,,
Sally Hansen,,,,,,
Salon Perfect,,,,,,
Salon Pro,,,,,,
Salvatore Feragammo,,,,,,
Salviette detergenti,,,,,,
Samira,,,,,,
Sanex,,,,,,
Santarde,,,,,,
Santee,,,,,,
Sapil,,,,,,
Sapphire,,,,,,
Sarah Jessica Parker,,,,,,
Sassi,,,,,,
Sassy+,,,,,,
Satin Skinz,,,,,,
Sauvage,,,,,,
Savannah,,,,,,
Savlon,,,,,,
Sazzy,,,,,,
Scarlet,,,,,,
Scenabella,,,,,,
Scholl,,,,,,
Scholla,,,,,,
Schwarzkopf,,,,,,
Scorpion,,,,,,
Sea Breeze,,,,,,
Sea Pearl,,,,,,
Sean John,,,,,,
Sebamed,,,,,,
Secret,,,,,,
Secret D’Afrique,,,,,,
Secret Possibility,,,,,,
Secret Sass,,,,,,
Secret White,,,,,,
Select,,,,,,
Select Last,,,,,,
Selex,,,,,,
Sels De Bain,,,,,,
Selsun,,,,,,
Sensationail,,,,,,
Senses,,,,,,
Sensitive By Nature,,,,,,
Sensodyne,,,,,,
Sephora,,,,,,
Sepi White,,,,,,
Septol,,,,,,
Serenity,,,,,,
Serial White,,,,,,
Serial White Gold,,,,,,
Series,,,,,,
Sh 18,,,,,,
Shalom,,,,,,
She Luxe,,,,,,
Shea Essence,,,,,,
Shea Moisture,,,,,,
Sheikh Al Quloob,,,,,,
Shenic,,,,,,
Shine Brite,,,,,,
Shine N Jam,,,,,,
Shining White,,,,,,
Shinon,,,,,,
Shirley,,,,,,
Show Time,,,,,,
Sie Ultra,,,,,,
Sigma,,,,,,
Signal,,,,,,
Silicon Mix,,,,,,
Silk,,,,,,
Silka,,,,,,
Silken,,,,,,
Silky White,,,,,,
Silver,,,,,,
Silver Bird,,,,,,
Silver Rose,,,,,,
Simple,,,,,,
Simplosophy,,,,,,
Simply,,,,,,
Simply Soft,,,,,,
Sinful Colors,,,,,,
Siri,,,,,,
Skandal,,,,,,
Skin Academy,,,,,,
Skin Aesthetics,,,,,,
Skin Aid Medics,,,,,,
Skin Aqua,,,,,,
Skin Beauty,,,,,,
Skin Clear,,,,,,
Skin Doctor,,,,,,
Skin Free,,,,,,
Skin Light,,,,,,
Skin Roller System,,,,,,
Skin Solution,,,,,,
Skin Success,,,,,,
Skin Therapy,,,,,,
Skin White,,,,,,
Skin+ Pharmacy,,,,,,
Skineal,,,,,,
SkinLab,,,,,,
Skinscience,,,,,,
Skirex,,,,,,
Skyn,,,,,,
Sleek,,,,,,
Sleep Cool,,,,,,
SlimFast,,,,,,
Smart Collection,,,,,,
Smart Evidence,,,,,,
Smart Perm,,,,,,
SmashBox,,,,,,
Smooth Care,,,,,,
Smooth N Shine,,,,,,
Smooth Organics,,,,,,
Smooth Skin Clinic,,,,,,
Snail Bright,,,,,,
Snail White,,,,,,
Snake Brand,,,,,,
Sniper,,,,,,
Snow White,,,,,,
So Carrot,,,,,,
So Clear,,,,,,
So Fine,,,,,,
So Fresh So Beautiful,,,,,,
So White,,,,,,
So-Fine,,,,,,
Soap And Glory,,,,,,
Soda,,,,,,
Sofnfree,,,,,,
Soft And Gentle,,,,,,
Soft Beautiful,,,,,,
Soft Soap,,,,,,
Soft Touch,,,,,,
Softee,,,,,,
Softrux,,,,,,
Softsheen Carson,,,,,,
Softsoap,,,,,,
Softwave,,,,,,
Softymo,,,,,,
Sokany,,,,,,
Solid Gold,,,,,,
Solid White,,,,,,
Some By Mi,,,,,,
Somma,,,,,,
Somphutip,,,,,,
Sonar,,,,,,
Soq,,,,,,
Sorbet,,,,,,
Sos,,,,,,
Soul Mate,,,,,,
Soultanicals,,,,,,
Spa Cotton,,,,,,
Spa Di Milano,,,,,,
Spa Redi,,,,,,
Spa Savvy,,,,,,
Spa Scriptions,,,,,,
Spectra,,,,,,
Speed Stick,,,,,,
Spiral,,,,,,
Ss Beauty,,,,,,
St Dalfour,,,,,,
St Ives,,,,,,
St Lukes,,,,,,
Stay Cool,,,,,,
Stay On Satin,,,,,,
Stella,,,,,,
Stillmans,,,,,,
Storm,,,,,,
Studio Basics,,,,,,
Style Clair,,,,,,
Stylin Dredz,,,,,,
Stylin’,,,,,,
Suave,,,,,,
Subaru,,,,,,
Sublime Natural,,,,,,
Success White,,,,,,
Sudocream,,,,,,
Sulfur 8,,,,,,
Summer’s Eve,,,,,,
Sun Bears,,,,,,
Sun Bum,,,,,,
Sun Burnt,,,,,,
Sunbelt,,,,,,
Suncut,,,,,,
Sunlight,,,,,,
Sunny Isle,,,,,,
Sunshine,,,,,,
Super Drug,,,,,,
Super Facialist,,,,,,
Super Max,,,,,,
Superbklean,,,,,,
Supernail,,,,,,
Supremacy In Heaven,,,,,,
Supreme Baby,,,,,,
Supreme White Paris,,,,,,
Sure,,,,,,
Sure White,,,,,,
Surf,,,,,,
Surrati,,,,,,
Suspenso,,,,,,
Sweet Rose,,,,,,
Sweet Secret,,,,,,
Swiss Collagen,,,,,,
Swiss Image,,,,,,
Swiss Jardin,,,,,,
Swizzels,,,,,,
T Zone,,,,,,
Tahoe,,,,,,
Take It Off,,,,,,
Taknova,,,,,,
Taliah Waajid,,,,,,
Tampax,,,,,,
Tara Amla,,,,,,
Taskeen,,,,,,
Tawas,,,,,,
Tcb,,,,,,
Tcp,,,,,,
Tea Tree,,,,,,
Technic,,,,,,
Tempovate,,,,,,
Tender White,,,,,,
Tenovate,,,,,,
Tera Irene,,,,,,
Terra,,,,,,
Terre D Hermes,,,,,,
Terre D’Hermes,,,,,,
Tesco,,,,,,
Tesori Oriente,,,,,,
Tetley,,,,,,
Tetmosol,,,,,,
Texture My Way,,,,,,
Thayers,,,,,,
The Bathery,,,,,,
The Beauty Foundry,,,,,,
The Beauty Lab,,,,,,
The Body Shop,,,,,,
The Challenger,,,,,,
The Creme Shop,,,,,,
The Hair Diagram,,,,,,
The Healing Garden,,,,,,
The Inkey List,,,,,,
The Mane,,,,,,
The Natural Dentist,,,,,,
The Ordinary,,,,,,
The Original,,,,,,
The Purest Glow,,,,,,
The Spathecary,,,,,,
Theramed,,,,,,
Thiery Mugler,,,,,,
Tia Tio,,,,,,
Tia’M,,,,,,
Tiffany,,,,,,
Tighter Brighter Younger,,,,,,
Tigi,,,,,,
Timeless,,,,,,
Timotei,,,,,,
Tinkle,,,,,,
Tippys,,,,,,
To Ri Ara,,,,,,
Tocobo,,,,,,
Tofu,,,,,,
Toke Pearl,,,,,,
Tom Ford,,,,,,
Tomato White,,,,,,
Tommy Hilfiger,,,,,,
Toms Of Maine,,,,,,
Tone,,,,,,
Tonic Blanchisseur,,,,,,
Tony Moly,,,,,,
Too Faced,,,,,,
Top Care,,,,,,
Top Face,,,,,,
Top Klass,,,,,,
Top Society,,,,,,
Topgon,,,,,,
Topi Clear,,,,,,
Topicals,,,,,,
TopiCrem,,,,,,
Topsy,,,,,,
Total Effects,,,,,,
Total Home,,,,,,
Total Whitening,,,,,,
Touch Finale,,,,,,
Touch Me,,,,,,
Toujours Jeune,,,,,,
Tracia,,,,,,
Traditional Ottomans,,,,,,
Tree Hut,,,,,,
Tresemme,,,,,,
Tretinion,,,,,,
Tribact,,,,,,
Tribotan,,,,,,
Triluma,,,,,,
Trim,,,,,,
Triple X,,,,,,
Tropic Isle Living,,,,,,
Tropical Sun,,,,,,
Truderm,,,,,,
True Botanix,,,,,,
Trulites,,,,,,
Tumeric,,,,,,
Tura,,,,,,
Tutti Frutti,,,,,,
Twinings,,,,,,
Twinings Of London,,,,,,
Twisted,,,,,,
Twisted Sista,,,,,,
Two Tigers,,,,,,
Tydineal,,,,,,
Tyra,,,,,,
Ugen,,,,,,
Ugerman,,,,,,
Ulady Coctel,,,,,,
Ultimate Aliya,,,,,,
Ultimate Maca,,,,,,
Ultra Brite,,,,,,
Ultra Glow,,,,,,
Ultra Set,,,,,,
Ultra Sheen,,,,,,
Ultra So Natural,,,,,,
Ultra Soft,,,,,,
Ultra Tone,,,,,,
Ultra White,,,,,,
Ultrex,,,,,,
Umanara,,,,,,
Uncle Jimmy,,,,,,
Uncover,,,,,,
Unik,,,,,,
Universal Basic,,,,,,
Unknown,,,,,,
Up And Up,,,,,,
Urban Decay,,,,,,
Urban Skin Rx,,,,,,
Ushas,,,,,,
V.v Love,,,,,,
V05,,,,,,
Vagisil,,,,,,
Vaite,,,,,,
Valderma,,,,,,
Valentino,,,,,,
Valera,,,,,,
Vanicream,,,,,,
Vanilla Essence,,,,,,
Vanish,,,,,,
Varisi,,,,,,
Vaseline,,,,,,
Vc,,,,,,
Vee Beauty,,,,,,
Veet,,,,,,
Veet Gold,,,,,,
Venus,,,,,,
Vera Wang,,,,,,
Versace,,,,,,
Vessie Goldsmith,,,,,,
Vgr,,,,,,
Via Letvass,,,,,,
Via Natural,,,,,,
Via Nature,,,,,,
Viange,,,,,,
Vich Care,,,,,,
Vicki,,,,,,
Victoria’s Secret,,,,,,
Victory,,,,,,
Vida,,,,,,
Vidpro,,,,,,
Vienna,,,,,,
Viktor & Rolf ,,,,,,
Village Naturals,,,,,,
Vinoz,,,,,,
Viola,,,,,,
Violet Glow,,,,,,
Virgin,,,,,,
Virgin Women,,,,,,
Virginia Green,,,,,,
Virony,,,,,,
Visible Difference,,,,,,
Visine,,,,,,
Visita,,,,,,
Visita Essence,,,,,,
Visso,,,,,,
Vista Plus,,,,,,
Vita Clear,,,,,,
Vita Proteins,,,,,,
vitaFusion,,,,,,
Vital Probiotics,,,,,,
Vitale,,,,,,
Vitamin C Intensive,,,,,,
Vitamin E,,,,,,
Vitamin White,,,,,,
Vitamins and sea beauty,,,,,,
Vitamisan,,,,,,
Viva White,,,,,,
Viva+ Plus,,,,,,
Vivi skin care,,,,,,
Vixa ,,,,,,
Voche,,,,,,
Vovi,,,,,,
Voyage,,,,,,
Vsp,,,,,,
Vurban Resilience,,,,,,
Vurv Man,,,,,,
W7,,,,,,
Waer,,,,,,
Wahl,,,,,,
Waikil,,,,,,
Walgreens,,,,,,
Washami,,,,,,
Watsons,,,,,,
Wayland Square,,,,,,
Weiman,,,,,,
Wella,,,,,,
Wells,,,,,,
West Lab,,,,,,
Wet And Wild,,,,,,
White And Beautiful,,,,,,
White Care,,,,,,
White Cherry,,,,,,
White Essence,,,,,,
White Express,,,,,,
White Glow,,,,,,
White Haven,,,,,,
White Luxury Paris,,,,,,
White Max,,,,,,
White Moon,,,,,,
White Now,,,,,,
White Opal,,,,,,
White Piment,,,,,,
White Plus,,,,,,
White Secret,,,,,,
White Spa,,,,,,
White Up,,,,,,
Whiteleys,,,,,,
Whitening,,,,,,
Whitish White,,,,,,
Wild Growth,,,,,,
Wild Wolf,,,,,,
Wilkinson Sword,,,,,,
Wilko,,,,,,
Wilmaschumann,,,,,,
Wind,,,,,,
Wink White,,,,,,
Winsome,,,,,,
Wisdom,,,,,,
Wokali,,,,,,
Wonder Gro,,,,,,
Wonders,,,,,,
World Of Curls,,,,,,
Wrights,,,,,,
Wtzezo,,,,,,
Wurood,,,,,,
X Pression,,,,,,
X White Paris,,,,,,
X5 Paris,,,,,,
X7,,,,,,
Xavier Laurent,,,,,,
Xbc,,,,,,
Xhc,,,,,,
Xil,,,,,,
Xinyu,,,,,,
Xlink,,,,,,
Xnc,,,,,,
Xoc,,,,,,
Xpel,,,,,,
Xtra White,,,,,,
Xtract,,,,,,
Xtract Gold,,,,,,
Xtreme,,,,,,
Xwhite,,,,,,
Xx White,,,,,,
Y Klein,,,,,,
Yan Namei Ji,,,,,,
Yandou,,,,,,
Yanqina,,,,,,
Yardley,,,,,,
Yari,,,,,,
Yaucai,,,,,,
Yaxi,,,,,,
Yc,,,,,,
Yes To Cucumbers,,,,,,
Yesto,,,,,,
Yijeban,,,,,,
Yk10,,,,,,
Yoko,,,,,,
Yori Yori,,,,,,
You Star,,,,,,
Young And Fresh,,,,,,
Young and Living,,,,,,
Youstar,,,,,,
Youthair,,,,,,
Youtherory,,,,,,
Yoyo,,,,,,
Ysa,,,,,,
Ysfkshua,,,,,,
YSL,,,,,,
Ytacan,,,,,,
Yuri,,,,,,
Yusma,,,,,,
Yves De Sistelle,,,,,,
Yves Rocher,,,,,,
Zahoor Al Madean,,,,,,
Zamrood,,,,,,
Zandarua,,,,,,
Zapzyt,,,,,,
Zara,,,,,,
Zarah,,,,,,
Zaron,,,,,,
Zebra,,,,,,
Zee,,,,,,
Zenon,,,,,,
Zenta,,,,,,
Zero Spot,,,,,,
Zero Tache,,,,,,
Zest,,,,,,
Zgts,,,,,,
Ziala,,,,,,
Zibah,,,,,,
Zikel,,,,,,
Zinger,,,,,,
Zion,,,,,,
Ziploc,,,,,,
Zirconia,,,,,,
Zirconia Butterfly,,,,,,
Zit,,,,,,
Zodiac,,,,,,
Zoeva,,,,,,
Zuni,,,,,,
Zw Jay,,,,,,
